{"UUID":"eQTLKJiE8ZTcD4CObNeEZt","layoutMainAxisSizing":null,"layoutCrossAxisSizing":null,"name":"Untitled","isVisible":true,"boundaryRectangle":null,"style":null,"prototypeNodeUUID":null,"child":null,"constraints":null,"debug":false,"pngPath":"/usr/src/app/temp-out/pb-tmp-6649463e-fa68-4337-b7ee-2fc8e864a07c/componentlib/lib/assets/images","pages":[{"UUID":"0:1","layoutMainAxisSizing":null,"layoutCrossAxisSizing":null,"name":"Page 1","isVisible":true,"boundaryRectangle":null,"style":null,"prototypeNodeUUID":null,"child":null,"constraints":null,"convert":true,"screens":[{"UUID":"4:24","layoutMainAxisSizing":null,"layoutCrossAxisSizing":null,"name":"iPhone 13 Pro Max - 1","boundaryRectangle":null,"style":null,"prototypeNodeUUID":null,"child":null,"constraints":null,"convert":true,"imageURI":"https://pbnestcore.blob.core.windows.net/eqtlkjie8ztcd4cobneezt/4:24.png","type":"screen","designNode":{"UUID":"4:24","layoutMainAxisSizing":"INHERIT","layoutCrossAxisSizing":"INHERIT","name":"iPhone 13 Pro Max - 1","isVisible":true,"style":{"UUID":"","layoutMainAxisSizing":null,"layoutCrossAxisSizing":null,"name":"","isVisible":true,"boundaryRectangle":null,"style":null,"prototypeNodeUUID":"","constraints":null,"backgroundColor":{"a":1.0,"r":1.0,"g":1.0,"b":1.0},"fills":[{"color":{"a":1.0,"r":1.0,"g":1.0,"b":1.0},"isEnabled":true}],"borders":[{"isEnabled":false,"fillType":1.0,"color":null,"thickness":1.0}],"borderOptions":{"isEnabled":false,"dashPattern":[],"lineCapStyle":0,"lineJoinStyle":"Miter","cornerRadius":0},"textStyle":null,"hasShadow":false,"type":"style"},"prototypeNodeUUID":null,"child":null,"constraints":null,"backgroundColor":{"a":1.0,"r":1.0,"g":1.0,"b":1.0},"boundaryRectangle":{"constrainProportions":false,"constraints":null,"height":926.0,"width":428.0,"x":211.0,"y":-464.0,"z":0.0,"type":"boundaryBox"},"isFlowHome":false,"type":"artboard","children":[{"UUID":"3:24","layoutMainAxisSizing":"INHERIT","layoutCrossAxisSizing":"INHERIT","name":"Rectangle","isVisible":true,"boundaryRectangle":{"constrainProportions":false,"constraints":null,"height":812.0,"width":375.0,"x":237.0,"y":-407.0,"z":0.0,"type":"boundaryBox"},"style":{"UUID":"","layoutMainAxisSizing":null,"layoutCrossAxisSizing":null,"name":"","isVisible":true,"boundaryRectangle":null,"style":null,"prototypeNodeUUID":"","constraints":null,"backgroundColor":null,"fills":[{"color":{"a":1.0,"r":1.0,"g":1.0,"b":1.0},"isEnabled":true}],"borders":[{"isEnabled":false,"fillType":1.0,"color":null,"thickness":1.0}],"borderOptions":{"isEnabled":false,"dashPattern":[],"lineCapStyle":0,"lineJoinStyle":"Miter","cornerRadius":0},"textStyle":null,"hasShadow":false,"type":"style"},"prototypeNodeUUID":null,"constraints":{"pinLeft":true,"pinRight":false,"pinTop":true,"pinBottom":false,"fixedHeight":true,"fixedWidth":true},"fixedRadius":0,"type":"rectangle","child":null},{"UUID":"3:25","layoutMainAxisSizing":"INHERIT","layoutCrossAxisSizing":"INHERIT","name":"Ellipse","isVisible":true,"boundaryRectangle":{"constrainProportions":false,"constraints":null,"height":128.0,"width":128.0,"x":361.0,"y":-388.0,"z":1.0,"type":"boundaryBox"},"child":null,"constraints":{"pinLeft":true,"pinRight":false,"pinTop":true,"pinBottom":false,"fixedHeight":true,"fixedWidth":true},"style":null,"imageReference":"images/3_25.png","prototypeNodeUUID":null,"type":"image"},{"UUID":"3:26","layoutMainAxisSizing":"INHERIT","layoutCrossAxisSizing":"INHERIT","name":"Jane","isVisible":true,"boundaryRectangle":{"constrainProportions":false,"constraints":null,"height":40.0,"width":92.0,"x":379.0,"y":-228.0,"z":2.0,"type":"boundaryBox"},"style":{"UUID":"","layoutMainAxisSizing":null,"layoutCrossAxisSizing":null,"name":"","isVisible":true,"boundaryRectangle":null,"style":null,"prototypeNodeUUID":"","constraints":null,"backgroundColor":null,"fills":[{"color":{"a":1.0,"r":0.0,"g":0.0,"b":0.0},"isEnabled":true}],"borders":[{"isEnabled":false,"fillType":1.0,"color":null,"thickness":1.0}],"borderOptions":{"isEnabled":false,"dashPattern":[],"lineCapStyle":0,"lineJoinStyle":"Miter","cornerRadius":0},"textStyle":{"UUID":"","layoutMainAxisSizing":null,"layoutCrossAxisSizing":null,"name":"","isVisible":false,"boundaryRectangle":null,"style":null,"prototypeNodeUUID":"","child":null,"constraints":null,"fontColor":{"a":1.0,"r":0.0,"g":0.0,"b":0.0},"weight":"400","fontDescriptor":{"fontName":"Comfortaa","fontSize":36.0,"fontWeight":"w400","fontStyle":"normal","letterSpacing":-0.54},"paragraphStyle":{"alignment":2},"type":"text_style"},"hasShadow":false,"type":"style"},"prototypeNodeUUID":null,"child":null,"constraints":{"pinLeft":true,"pinRight":false,"pinTop":true,"pinBottom":false,"fixedHeight":true,"fixedWidth":true},"type":"text","content":"Jane"},{"UUID":"3:27","layoutMainAxisSizing":"INHERIT","layoutCrossAxisSizing":"INHERIT","name":"San francisco, ca","isVisible":true,"boundaryRectangle":{"constrainProportions":false,"constraints":null,"height":15.0,"width":133.0,"x":358.0,"y":-172.0,"z":3.0,"type":"boundaryBox"},"style":{"UUID":"","layoutMainAxisSizing":null,"layoutCrossAxisSizing":null,"name":"","isVisible":true,"boundaryRectangle":null,"style":null,"prototypeNodeUUID":"","constraints":null,"backgroundColor":null,"fills":[{"color":{"a":1.0,"r":0.0,"g":0.0,"b":0.0},"isEnabled":true}],"borders":[{"isEnabled":false,"fillType":1.0,"color":null,"thickness":1.0}],"borderOptions":{"isEnabled":false,"dashPattern":[],"lineCapStyle":0,"lineJoinStyle":"Miter","cornerRadius":0},"textStyle":{"UUID":"","layoutMainAxisSizing":null,"layoutCrossAxisSizing":null,"name":"","isVisible":false,"boundaryRectangle":null,"style":null,"prototypeNodeUUID":"","child":null,"constraints":null,"fontColor":{"a":1.0,"r":0.0,"g":0.0,"b":0.0},"weight":"900","fontDescriptor":{"fontName":"Roboto","fontSize":13.0,"fontWeight":"w900","fontStyle":"normal","letterSpacing":0.52},"paragraphStyle":{"alignment":2},"type":"text_style"},"hasShadow":false,"type":"style"},"prototypeNodeUUID":null,"child":null,"constraints":{"pinLeft":true,"pinRight":false,"pinTop":true,"pinBottom":false,"fixedHeight":true,"fixedWidth":true},"type":"text","content":"San francisco, ca"},{"UUID":"3:28","layoutMainAxisSizing":"INHERIT","layoutCrossAxisSizing":"INHERIT","name":"Rectangle 2","isVisible":true,"boundaryRectangle":{"constrainProportions":false,"constraints":null,"height":220.0,"width":167.0,"x":253.0,"y":84.0,"z":4.0,"type":"boundaryBox"},"child":null,"constraints":{"pinLeft":true,"pinRight":false,"pinTop":true,"pinBottom":false,"fixedHeight":true,"fixedWidth":true},"style":{"UUID":"","layoutMainAxisSizing":null,"layoutCrossAxisSizing":null,"name":"","isVisible":true,"boundaryRectangle":null,"style":null,"prototypeNodeUUID":"","constraints":null,"backgroundColor":null,"fills":[{"color":null,"isEnabled":true}],"borders":[{"isEnabled":false,"fillType":1.0,"color":null,"thickness":1.0}],"borderOptions":{"isEnabled":false,"dashPattern":[],"lineCapStyle":0,"lineJoinStyle":"Miter","cornerRadius":0},"textStyle":null,"hasShadow":false,"type":"style"},"imageReference":"images/3_28.png","prototypeNodeUUID":null,"type":"image"},{"UUID":"3:29","layoutMainAxisSizing":"INHERIT","layoutCrossAxisSizing":"INHERIT","name":"Rectangle 2.1","isVisible":true,"boundaryRectangle":{"constrainProportions":false,"constraints":null,"height":310.0,"width":167.0,"x":429.0,"y":84.0,"z":5.0,"type":"boundaryBox"},"child":null,"constraints":{"pinLeft":true,"pinRight":false,"pinTop":true,"pinBottom":false,"fixedHeight":true,"fixedWidth":true},"style":{"UUID":"","layoutMainAxisSizing":null,"layoutCrossAxisSizing":null,"name":"","isVisible":true,"boundaryRectangle":null,"style":null,"prototypeNodeUUID":"","constraints":null,"backgroundColor":null,"fills":[{"color":null,"isEnabled":true}],"borders":[{"isEnabled":false,"fillType":1.0,"color":null,"thickness":1.0}],"borderOptions":{"isEnabled":false,"dashPattern":[],"lineCapStyle":0,"lineJoinStyle":"Miter","cornerRadius":0},"textStyle":null,"hasShadow":false,"type":"style"},"imageReference":"images/3_29.png","prototypeNodeUUID":null,"type":"image"},{"UUID":"3:31","layoutMainAxisSizing":"INHERIT","layoutCrossAxisSizing":"INHERIT","name":"follow_button<custom>","isVisible":true,"boundaryRectangle":{"constrainProportions":false,"constraints":null,"height":52.0,"width":343.0,"x":253.0,"y":-68.0,"z":6.0,"type":"boundaryBox"},"style":null,"prototypeNodeUUID":null,"child":null,"constraints":{"pinLeft":true,"pinRight":false,"pinTop":true,"pinBottom":false,"fixedHeight":true,"fixedWidth":true},"symbolID":"3:2","overrideProperties":null,"children":[{"UUID":"I3:31;3:3","layoutMainAxisSizing":"INHERIT","layoutCrossAxisSizing":"INHERIT","name":"follow_rectangle<custom>","isVisible":true,"boundaryRectangle":{"constrainProportions":false,"constraints":null,"height":52.0,"width":343.0,"x":253.0,"y":-68.0,"z":0.0,"type":"boundaryBox"},"style":{"UUID":"","layoutMainAxisSizing":null,"layoutCrossAxisSizing":null,"name":"","isVisible":true,"boundaryRectangle":null,"style":null,"prototypeNodeUUID":"","constraints":null,"backgroundColor":null,"fills":[{"color":{"a":1.0,"r":0.0,"g":0.0,"b":0.0},"isEnabled":true}],"borders":[{"isEnabled":true,"fillType":null,"color":{"a":1.0,"r":0.0,"g":0.0,"b":0.0},"thickness":2.0}],"borderOptions":{"isEnabled":true,"dashPattern":[],"lineCapStyle":0,"lineJoinStyle":"Miter","cornerRadius":6.0},"textStyle":null,"hasShadow":false,"type":"style"},"prototypeNodeUUID":null,"constraints":{"pinLeft":false,"pinRight":false,"pinTop":false,"pinBottom":false,"fixedHeight":false,"fixedWidth":false},"fixedRadius":6.0,"type":"rectangle","child":null},{"UUID":"I3:31;3:4","layoutMainAxisSizing":"INHERIT","layoutCrossAxisSizing":"INHERIT","name":"follow jane","isVisible":true,"boundaryRectangle":{"constrainProportions":false,"constraints":null,"height":15.0,"width":91.0,"x":378.28741455078125,"y":-49.0,"z":1.0,"type":"boundaryBox"},"style":{"UUID":"","layoutMainAxisSizing":null,"layoutCrossAxisSizing":null,"name":"","isVisible":true,"boundaryRectangle":null,"style":null,"prototypeNodeUUID":"","constraints":null,"backgroundColor":null,"fills":[{"color":{"a":1.0,"r":1.0,"g":1.0,"b":1.0},"isEnabled":true}],"borders":[{"isEnabled":false,"fillType":1.0,"color":null,"thickness":1.0}],"borderOptions":{"isEnabled":false,"dashPattern":[],"lineCapStyle":0,"lineJoinStyle":"Miter","cornerRadius":0},"textStyle":{"UUID":"","layoutMainAxisSizing":null,"layoutCrossAxisSizing":null,"name":"","isVisible":false,"boundaryRectangle":null,"style":null,"prototypeNodeUUID":"","child":null,"constraints":null,"fontColor":{"a":1.0,"r":1.0,"g":1.0,"b":1.0},"weight":"900","fontDescriptor":{"fontName":"Roboto","fontSize":13.0,"fontWeight":"w900","fontStyle":"normal","letterSpacing":0.52},"paragraphStyle":{"alignment":2},"type":"text_style"},"hasShadow":false,"type":"style"},"prototypeNodeUUID":null,"child":null,"constraints":{"pinLeft":false,"pinRight":false,"pinTop":false,"pinBottom":false,"fixedHeight":false,"fixedWidth":false},"type":"text","content":"follow jane"}],"type":"shared_master","componentSetName":null,"sharedNodeSetID":null},{"UUID":"3:32","layoutMainAxisSizing":"INHERIT","layoutCrossAxisSizing":"INHERIT","name":"Button","isVisible":true,"boundaryRectangle":{"constrainProportions":false,"constraints":null,"height":52.0,"width":343.0,"x":253.0,"y":0.0,"z":7.0,"type":"boundaryBox"},"style":null,"prototypeNodeUUID":null,"child":null,"constraints":{"pinLeft":true,"pinRight":false,"pinTop":true,"pinBottom":false,"fixedHeight":true,"fixedWidth":true},"symbolID":"3:2","parameters":null,"overrideValues":[{"UUID":"3:4","layoutMainAxisSizing":null,"layoutCrossAxisSizing":null,"name":"message","isVisible":true,"boundaryRectangle":null,"style":null,"prototypeNodeUUID":null,"child":null,"constraints":{"pinLeft":false,"pinRight":false,"pinTop":false,"pinBottom":false,"fixedHeight":false,"fixedWidth":false},"value":{"UUID":"I3:32;3:4","layoutMainAxisSizing":"INHERIT","layoutCrossAxisSizing":"INHERIT","name":"message","isVisible":true,"boundaryRectangle":{"constrainProportions":false,"constraints":null,"height":15.0,"width":63.0,"x":392.28741455078125,"y":19.0,"z":1.0,"type":"boundaryBox"},"style":{"UUID":"","layoutMainAxisSizing":null,"layoutCrossAxisSizing":null,"name":"","isVisible":true,"boundaryRectangle":null,"style":null,"prototypeNodeUUID":"","constraints":null,"backgroundColor":null,"fills":[{"color":{"a":1.0,"r":0.0,"g":0.0,"b":0.0},"isEnabled":true}],"borders":[{"isEnabled":false,"fillType":1.0,"color":null,"thickness":1.0}],"borderOptions":{"isEnabled":false,"dashPattern":[],"lineCapStyle":0,"lineJoinStyle":"Miter","cornerRadius":0},"textStyle":{"UUID":"","layoutMainAxisSizing":null,"layoutCrossAxisSizing":null,"name":"","isVisible":false,"boundaryRectangle":null,"style":null,"prototypeNodeUUID":"","child":null,"constraints":null,"fontColor":{"a":1.0,"r":0.0,"g":0.0,"b":0.0},"weight":"900","fontDescriptor":{"fontName":"Roboto","fontSize":13.0,"fontWeight":"w900","fontStyle":"normal","letterSpacing":0.52},"paragraphStyle":{"alignment":2},"type":"text_style"},"hasShadow":false,"type":"style"},"prototypeNodeUUID":null,"child":null,"constraints":{"pinLeft":false,"pinRight":false,"pinTop":false,"pinBottom":false,"fixedHeight":false,"fixedWidth":false},"type":"text","content":"message"},"valueName":"message","type":"stringValue"}],"sharedNodeSetID":null,"type":"shared_instance"},{"UUID":"3:33","layoutMainAxisSizing":"INHERIT","layoutCrossAxisSizing":"INHERIT","name":"Status Bar","isVisible":true,"boundaryRectangle":{"constrainProportions":false,"constraints":null,"height":44.0,"width":375.0,"x":237.0,"y":-464.0,"z":8.0,"type":"boundaryBox"},"style":null,"prototypeNodeUUID":null,"child":null,"constraints":{"pinLeft":true,"pinRight":false,"pinTop":true,"pinBottom":false,"fixedHeight":true,"fixedWidth":true},"symbolID":"3:5","overrideProperties":null,"children":[{"UUID":"I3:33;3:6","layoutMainAxisSizing":"INHERIT","layoutCrossAxisSizing":"INHERIT","name":"Connections","isVisible":true,"boundaryRectangle":{"constrainProportions":false,"constraints":null,"height":16.0,"width":68.0,"x":530.0,"y":-449.0,"z":0.0,"type":"boundaryBox"},"style":{"UUID":"","layoutMainAxisSizing":null,"layoutCrossAxisSizing":null,"name":"","isVisible":true,"boundaryRectangle":null,"style":null,"prototypeNodeUUID":"","constraints":null,"backgroundColor":null,"fills":[{"color":{"a":1.0,"r":1.0,"g":1.0,"b":1.0},"isEnabled":true}],"borders":[{"isEnabled":false,"fillType":1.0,"color":null,"thickness":0.0}],"borderOptions":{"isEnabled":false,"dashPattern":[],"lineCapStyle":0,"lineJoinStyle":"Miter","cornerRadius":0},"textStyle":null,"hasShadow":false,"type":"style"},"prototypeNodeUUID":null,"constraints":{"pinLeft":false,"pinRight":true,"pinTop":true,"pinBottom":false,"fixedHeight":true,"fixedWidth":true},"children":[{"UUID":"I3:33;3:7","layoutMainAxisSizing":null,"layoutCrossAxisSizing":null,"name":"Battery","isVisible":true,"boundaryRectangle":{"constrainProportions":false,"constraints":null,"height":12.0,"width":25.0,"x":573.0,"y":-447.0,"z":0.0,"type":"boundaryBox"},"child":null,"constraints":{"pinLeft":false,"pinRight":true,"pinTop":true,"pinBottom":false,"fixedHeight":true,"fixedWidth":true},"style":{"UUID":"","layoutMainAxisSizing":null,"layoutCrossAxisSizing":null,"name":"","isVisible":true,"boundaryRectangle":null,"style":null,"prototypeNodeUUID":"","constraints":null,"backgroundColor":null,"fills":[{"color":{"a":1.0,"r":1.0,"g":1.0,"b":1.0},"isEnabled":true}],"borders":[{"isEnabled":false,"fillType":1.0,"color":null,"thickness":0.0}],"borderOptions":{"isEnabled":false,"dashPattern":[],"lineCapStyle":0,"lineJoinStyle":"Miter","cornerRadius":0},"textStyle":null,"hasShadow":false,"type":"style"},"imageReference":"images/I3_33;3_7.png","prototypeNodeUUID":null,"type":"image"},{"UUID":"I3:33;3:11","layoutMainAxisSizing":null,"layoutCrossAxisSizing":null,"name":"Wifi","isVisible":true,"boundaryRectangle":{"constrainProportions":false,"constraints":null,"height":11.0,"width":15.33331298828125,"x":550.0,"y":-448.0,"z":null,"type":"boundaryBox"},"child":null,"constraints":{"pinLeft":false,"pinRight":false,"pinTop":false,"pinBottom":false,"fixedHeight":false,"fixedWidth":false},"style":{"UUID":"","layoutMainAxisSizing":null,"layoutCrossAxisSizing":null,"name":"","isVisible":true,"boundaryRectangle":null,"style":null,"prototypeNodeUUID":"","constraints":null,"backgroundColor":null,"fills":[{"color":{"a":1.0,"r":1.0,"g":1.0,"b":1.0},"isEnabled":true}],"borders":[{"isEnabled":false,"fillType":1.0,"color":null,"thickness":0.0}],"borderOptions":{"isEnabled":false,"dashPattern":[],"lineCapStyle":0,"lineJoinStyle":"Miter","cornerRadius":0},"textStyle":null,"hasShadow":false,"type":"style"},"imageReference":"images/I3_33;3_11.png","prototypeNodeUUID":null,"type":"image"},{"UUID":"I3:33;3:16","layoutMainAxisSizing":null,"layoutCrossAxisSizing":null,"name":"Cellular Connection","isVisible":true,"boundaryRectangle":{"constrainProportions":false,"constraints":null,"height":10.666656494140625,"width":17.0,"x":530.0,"y":-447.0,"z":null,"type":"boundaryBox"},"child":null,"constraints":{"pinLeft":false,"pinRight":true,"pinTop":true,"pinBottom":false,"fixedHeight":true,"fixedWidth":true},"style":{"UUID":"","layoutMainAxisSizing":null,"layoutCrossAxisSizing":null,"name":"","isVisible":true,"boundaryRectangle":null,"style":null,"prototypeNodeUUID":"","constraints":null,"backgroundColor":null,"fills":[{"color":{"a":1.0,"r":1.0,"g":1.0,"b":1.0},"isEnabled":true}],"borders":[{"isEnabled":false,"fillType":1.0,"color":null,"thickness":0.0}],"borderOptions":{"isEnabled":false,"dashPattern":[],"lineCapStyle":0,"lineJoinStyle":"Miter","cornerRadius":0},"textStyle":null,"hasShadow":false,"type":"style"},"imageReference":"images/I3_33;3_16.png","prototypeNodeUUID":null,"type":"image"}],"type":"frame","fixedRadius":null,"background":null,"autoLayoutOptions":null},{"UUID":"I3:33;3:22","layoutMainAxisSizing":"INHERIT","layoutCrossAxisSizing":"INHERIT","name":"Time","isVisible":true,"boundaryRectangle":{"constrainProportions":false,"constraints":null,"height":23.0,"width":56.0,"x":258.0,"y":-456.0,"z":1.0,"type":"boundaryBox"},"style":{"UUID":"","layoutMainAxisSizing":null,"layoutCrossAxisSizing":null,"name":"","isVisible":true,"boundaryRectangle":null,"style":null,"prototypeNodeUUID":"","constraints":null,"backgroundColor":null,"fills":[{"color":{"a":1.0,"r":1.0,"g":1.0,"b":1.0},"isEnabled":true}],"borders":[{"isEnabled":false,"fillType":1.0,"color":null,"thickness":0.0}],"borderOptions":{"isEnabled":false,"dashPattern":[],"lineCapStyle":0,"lineJoinStyle":"Miter","cornerRadius":0},"textStyle":null,"hasShadow":false,"type":"style"},"prototypeNodeUUID":null,"constraints":{"pinLeft":true,"pinRight":false,"pinTop":true,"pinBottom":false,"fixedHeight":true,"fixedWidth":true},"children":[{"UUID":"I3:33;3:23","layoutMainAxisSizing":"INHERIT","layoutCrossAxisSizing":"INHERIT","name":"Time","isVisible":true,"boundaryRectangle":{"constrainProportions":false,"constraints":null,"height":18.0,"width":54.0,"x":258.3333435058594,"y":-450.0,"z":0.0,"type":"boundaryBox"},"style":{"UUID":"","layoutMainAxisSizing":null,"layoutCrossAxisSizing":null,"name":"","isVisible":true,"boundaryRectangle":null,"style":null,"prototypeNodeUUID":"","constraints":null,"backgroundColor":null,"fills":[{"color":{"a":1.0,"r":0.0,"g":0.0,"b":0.0},"isEnabled":true}],"borders":[{"isEnabled":false,"fillType":1.0,"color":null,"thickness":0.0}],"borderOptions":{"isEnabled":false,"dashPattern":[],"lineCapStyle":0,"lineJoinStyle":"Miter","cornerRadius":0},"textStyle":{"UUID":"","layoutMainAxisSizing":null,"layoutCrossAxisSizing":null,"name":"","isVisible":false,"boundaryRectangle":null,"style":null,"prototypeNodeUUID":"","child":null,"constraints":null,"fontColor":{"a":1.0,"r":0.0,"g":0.0,"b":0.0},"weight":"600","fontDescriptor":{"fontName":"SF Pro Text","fontSize":15.0,"fontWeight":"w600","fontStyle":"normal","letterSpacing":-0.3333333432674408},"paragraphStyle":{"alignment":2},"type":"text_style"},"hasShadow":false,"type":"style"},"prototypeNodeUUID":null,"child":null,"constraints":{"pinLeft":true,"pinRight":true,"pinTop":false,"pinBottom":false,"fixedHeight":true,"fixedWidth":false},"type":"text","content":"9:27"}],"type":"frame","fixedRadius":null,"background":null,"autoLayoutOptions":null}],"type":"shared_master","componentSetName":null,"sharedNodeSetID":null},{"UUID":"6:25","layoutMainAxisSizing":"INHERIT","layoutCrossAxisSizing":"INHERIT","name":"Follower_count<custom>","isVisible":true,"boundaryRectangle":{"constrainProportions":false,"constraints":null,"height":40.0,"width":61.0,"x":397.0,"y":-124.0,"z":9.0,"type":"boundaryBox"},"style":{"UUID":"","layoutMainAxisSizing":null,"layoutCrossAxisSizing":null,"name":"","isVisible":true,"boundaryRectangle":null,"style":null,"prototypeNodeUUID":"","constraints":null,"backgroundColor":null,"fills":[{"color":{"a":1.0,"r":0.0,"g":0.0,"b":0.0},"isEnabled":true}],"borders":[{"isEnabled":false,"fillType":1.0,"color":null,"thickness":1.0}],"borderOptions":{"isEnabled":false,"dashPattern":[],"lineCapStyle":0,"lineJoinStyle":"Miter","cornerRadius":0},"textStyle":{"UUID":"","layoutMainAxisSizing":null,"layoutCrossAxisSizing":null,"name":"","isVisible":false,"boundaryRectangle":null,"style":null,"prototypeNodeUUID":"","child":null,"constraints":null,"fontColor":{"a":1.0,"r":0.0,"g":0.0,"b":0.0},"weight":"900","fontDescriptor":{"fontName":"Roboto","fontSize":13.0,"fontWeight":"w900","fontStyle":"normal","letterSpacing":0.52},"paragraphStyle":{"alignment":2},"type":"text_style"},"hasShadow":false,"type":"style"},"prototypeNodeUUID":null,"child":null,"constraints":{"pinLeft":true,"pinRight":false,"pinTop":true,"pinBottom":false,"fixedHeight":true,"fixedWidth":true},"type":"text","content":"0"}]},"isVisible":true}],"type":"page"}],"miscPages":[],"sharedStyles":[],"type":"project","azure_container_uri":"https://pbnestcore.blob.core.windows.net/eqtlkjie8ztcd4cobneezt"}